<application>
  <component name="CodeInsightSettings">
    <option name="AUTOINSERT_PAIR_QUOTE" value="false" />
    <option name="REFORMAT_ON_PASTE" value="2" />
    <option name="HIGHLIGHT_IDENTIFIER_UNDER_CARET" value="false" />
    <option name="OPTIMIZE_IMPORTS_ON_THE_FLY" value="true" />
    <option name="ADD_UNAMBIGIOUS_IMPORTS_ON_THE_FLY" value="true" />
  </component>
  <component name="DaemonCodeAnalyzerSettings">
    <option name="NEXT_ERROR_ACTION_GOES_TO_ERRORS_FIRST" value="false" />
  </component>
  <component name="DefaultFont">
    <option name="FONT_SIZE" value="14" />
  </component>
  <component name="EditorSettings">
    <option name="USE_SOFT_WRAPS" value="MAIN_EDITOR" />
  </component>
</application>