<application>
  <component name="FileTypeManager" version="18">
    <extensionMap>
      <mapping ext="space.kts" type="Kotlin" />
      <mapping ext="gradle.kts" type="Kotlin" />
      <mapping ext="main.kts" type="Kotlin" />
      <mapping pattern=".ideavimrc" type="PLAIN_TEXT" />
      <mapping pattern="1" type="PLAIN_TEXT" />
      <mapping pattern="META-INF" type="PLAIN_TEXT" />
      <mapping pattern=".env.dev" type="PLAIN_TEXT" />
      <mapping pattern=".env.prod" type="PLAIN_TEXT" />
      <mapping ext="lock" type="PLAIN_TEXT" />
      <mapping ext="proto" type="PLAIN_TEXT" />
      <mapping ext="jks" type="PLAIN_TEXT" />
      <removed_mapping ext="apk" approved="true" type="APK" />
      <removed_mapping ext="psd" approved="true" type="Adobe Photoshop" />
    </extensionMap>
  </component>
</application>