<application>
  <component name="VimEditorSettings">
    <editor />
  </component>
  <component name="VimHistorySettings">
    <history>
      <history-search>
        <entry>gt</entry>
        <entry>1_psbc</entry>
        <entry>leader</entry>
      </history-search>
      <history-cmd>
        <entry>action Bookmarks</entry>
        <entry>action FindInPath</entry>
        <entry>action Git.CompareWithBranch</entry>
        <entry>action Annotate</entry>
        <entry>action GotoDeclaration</entry>
        <entry>action GotoImplementation</entry>
        <entry>w!</entry>
        <entry>%s</entry>
        <entry encoding="base64">JzwsJz5zLy9sZWFkZXIvZw==</entry>
        <entry>action FileStructurePopup</entry>
        <entry>action GotoClass</entry>
        <entry>source ~/.ideavimrc</entry>
        <entry>e ~/.ideavimrc</entry>
        <entry>e</entry>
        <entry>action SearchEverywhere</entry>
        <entry>q</entry>
        <entry>wq</entry>
        <entry>nohlsearch</entry>
        <entry>w</entry>
      </history-cmd>
      <history-expr />
      <history-input />
    </history>
  </component>
  <component name="VimKeySettings">
    <shortcut-conflicts>
      <shortcut-conflict owner="vim">
        <text>ctrl pressed V</text>
      </shortcut-conflict>
      <shortcut-conflict owner="vim">
        <text>ctrl pressed B</text>
      </shortcut-conflict>
      <shortcut-conflict owner="vim">
        <text>ctrl pressed H</text>
      </shortcut-conflict>
      <shortcut-conflict owner="vim">
        <text>ctrl pressed T</text>
      </shortcut-conflict>
      <shortcut-conflict owner="vim">
        <text>ctrl pressed C</text>
      </shortcut-conflict>
      <shortcut-conflict owner="ide">
        <text>ctrl pressed E</text>
      </shortcut-conflict>
      <shortcut-conflict owner="vim">
        <text>ctrl pressed N</text>
      </shortcut-conflict>
      <shortcut-conflict owner="vim">
        <text>ctrl pressed D</text>
      </shortcut-conflict>
      <shortcut-conflict owner="vim">
        <text>ctrl pressed U</text>
      </shortcut-conflict>
      <shortcut-conflict owner="vim">
        <text>ctrl pressed F</text>
      </shortcut-conflict>
      <shortcut-conflict owner="vim">
        <text>ctrl pressed R</text>
      </shortcut-conflict>
      <shortcut-conflict owner="vim">
        <text>ctrl pressed J</text>
      </shortcut-conflict>
      <shortcut-conflict owner="vim">
        <text>ctrl pressed K</text>
      </shortcut-conflict>
      <shortcut-conflict owner="vim">
        <text>ctrl pressed L</text>
      </shortcut-conflict>
      <shortcut-conflict owner="vim">
        <text>ctrl pressed S</text>
      </shortcut-conflict>
      <shortcut-conflict owner="vim">
        <text>ctrl pressed X</text>
      </shortcut-conflict>
      <shortcut-conflict owner="vim">
        <text>ctrl pressed I</text>
      </shortcut-conflict>
      <shortcut-conflict owner="vim">
        <text>ctrl pressed SEMICOLON</text>
      </shortcut-conflict>
      <shortcut-conflict owner="vim">
        <text>shift ctrl pressed SEMICOLON</text>
      </shortcut-conflict>
    </shortcut-conflicts>
  </component>
  <component name="VimMarksSettings">
    <globalmarks />
    <filemarks>
      <file name="$USER_HOME$/Data/WorkSpace/java/spring-boot-starter-plugin-parent/README.md" timestamp="1608193671423">
        <mark key="[" line="14" column="13" />
        <mark key="]" line="14" column="13" />
        <mark key="^" line="14" column="13" />
        <mark key="." line="14" column="12" />
      </file>
      <file name="/Dummy.txt" timestamp="1608282875041">
        <mark key="[" line="0" column="0" />
      </file>
      <file name="$USER_HOME$/Data/LearnSpace/java/learn-assistant-api/logs/log_error.log" timestamp="1608173072608">
        <mark key="'" line="22" column="10" />
        <mark key="[" line="0" column="0" />
        <mark key="]" line="53" column="13" />
        <mark key="." line="0" column="13" />
        <mark key="^" line="49" column="13" />
      </file>
      <file name="$USER_HOME$/Data/WorkSpace/java/daige_project_base_structure/daige_api/src/main/resources/application-dev.yml" timestamp="1608283092932">
        <mark key="[" line="11" column="0" />
        <mark key="]" line="11" column="0" />
        <mark key="." line="11" column="0" />
      </file>
      <file name="$USER_HOME$/Data/WorkSpace/java/daige_project_base_structure/settings.gradle" timestamp="1608283223692">
        <mark key="[" line="2" column="0" />
        <mark key="]" line="2" column="0" />
        <mark key="." line="2" column="0" />
      </file>
      <file name="$USER_HOME$/Data/LearnSpace/java/learn-assistant-api/src/main/java/fun/oop/controller/HelloWorldController.java" timestamp="1608172690816">
        <mark key="[" line="35" column="69" />
        <mark key="]" line="35" column="69" />
        <mark key="^" line="35" column="97" />
        <mark key="." line="35" column="69" />
      </file>
      <file name="$USER_HOME$/Data/LearnSpace/java/learn-assistant-api/src/main/java/fun/oop/service/FetchService.java" timestamp="1608173545648">
        <mark key="[" line="28" column="29" />
        <mark key="]" line="28" column="28" />
        <mark key="." line="28" column="27" />
        <mark key="^" line="28" column="28" />
      </file>
      <file name="$USER_HOME$/.ideavimrc" timestamp="1608692103831">
        <mark key="'" line="15" column="12" />
        <mark key="[" line="29" column="19" />
        <mark key="]" line="29" column="19" />
        <mark key="." line="29" column="18" />
        <mark key="^" line="29" column="19" />
      </file>
      <file name="$USER_HOME$/Data/WorkSpace/java/psbc_vicoapi/vicoapi-core/src/main/java/com/vico/service/customer/LoanLimitCalcService.java" timestamp="1608186852725">
        <mark key="'" line="84" column="3" />
        <mark key="[" line="153" column="5" />
        <mark key="]" line="153" column="61" />
      </file>
      <file name="$USER_HOME$/Data/WorkSpace/java/daige_project_base_structure/daige_api/build.gradle" timestamp="1608283889038">
        <mark key="[" line="3" column="0" />
        <mark key="]" line="3" column="0" />
        <mark key="." line="3" column="0" />
      </file>
      <file name="$USER_HOME$/Data/WorkSpace/java/daige_project_generator/src/main/java/io/daige/controller/DependencyController.java" timestamp="1608633655667">
        <mark key="[" line="32" column="154" />
        <mark key="]" line="32" column="154" />
        <mark key="." line="32" column="153" />
        <mark key="^" line="32" column="154" />
      </file>
      <file name="$USER_HOME$/Data/WorkSpace/java/daige_project_base_structure/daige_api/src/main/java/com/daige/config/note.txt" timestamp="1608283676395">
        <mark key="[" line="0" column="0" />
        <mark key="]" line="0" column="0" />
        <mark key="." line="0" column="0" />
      </file>
    </filemarks>
    <jumps>
      <jump line="14" column="0" filename="$USER_HOME$/.ideavimrc" />
      <jump line="1" column="0" filename="$USER_HOME$/.ideavimrc" />
      <jump line="10" column="7" filename="$USER_HOME$/.ideavimrc" />
      <jump line="0" column="0" filename="$USER_HOME$/.ideavimrc" />
      <jump line="32" column="32" filename="$USER_HOME$/Data/WorkSpace/java/order_financing_api/src/main/java/com/daige/finance/service/DistrictService.java" />
      <jump line="14" column="1" filename="$USER_HOME$/Data/WorkSpace/java/order_financing_api/src/main/java/com/daige/finance/service/DistrictService.java" />
      <jump line="78" column="10" filename="$USER_HOME$/.ideavimrc" />
      <jump line="71" column="10" filename="$USER_HOME$/.ideavimrc" />
      <jump line="84" column="10" filename="$USER_HOME$/.ideavimrc" />
      <jump line="31" column="31" filename="$USER_HOME$/Data/WorkSpace/java/order_financing_api/src/main/java/com/daige/finance/service/DistrictService.java" />
      <jump line="77" column="36" filename="$USER_HOME$/.ideavimrc" />
      <jump line="34" column="0" filename="$USER_HOME$/Data/WorkSpace/java/order_financing_api/src/main/java/com/daige/finance/OrderFinancingApplication.java" />
      <jump line="70" column="14" filename="$USER_HOME$/.ideavimrc" />
      <jump line="44" column="10" filename="$USER_HOME$/.ideavimrc" />
      <jump line="48" column="9" filename="$USER_HOME$/.ideavimrc" />
      <jump line="49" column="9" filename="$USER_HOME$/.ideavimrc" />
      <jump line="74" column="10" filename="$USER_HOME$/.ideavimrc" />
      <jump line="75" column="10" filename="$USER_HOME$/.ideavimrc" />
      <jump line="76" column="10" filename="$USER_HOME$/.ideavimrc" />
      <jump line="79" column="10" filename="$USER_HOME$/.ideavimrc" />
      <jump line="80" column="10" filename="$USER_HOME$/.ideavimrc" />
      <jump line="81" column="10" filename="$USER_HOME$/.ideavimrc" />
      <jump line="82" column="10" filename="$USER_HOME$/.ideavimrc" />
      <jump line="83" column="10" filename="$USER_HOME$/.ideavimrc" />
      <jump line="85" column="10" filename="$USER_HOME$/.ideavimrc" />
      <jump line="86" column="10" filename="$USER_HOME$/.ideavimrc" />
      <jump line="87" column="10" filename="$USER_HOME$/.ideavimrc" />
      <jump line="88" column="10" filename="$USER_HOME$/.ideavimrc" />
      <jump line="89" column="10" filename="$USER_HOME$/.ideavimrc" />
      <jump line="6" column="6" filename="$USER_HOME$/.ideavimrc" />
      <jump line="8" column="20" filename="$USER_HOME$/.ideavimrc" />
      <jump line="28" column="10" filename="$USER_HOME$/.ideavimrc" />
      <jump line="31" column="10" filename="$USER_HOME$/.ideavimrc" />
      <jump line="32" column="10" filename="$USER_HOME$/.ideavimrc" />
      <jump line="35" column="10" filename="$USER_HOME$/.ideavimrc" />
      <jump line="36" column="10" filename="$USER_HOME$/.ideavimrc" />
      <jump line="37" column="10" filename="$USER_HOME$/.ideavimrc" />
      <jump line="38" column="10" filename="$USER_HOME$/.ideavimrc" />
      <jump line="40" column="10" filename="$USER_HOME$/.ideavimrc" />
      <jump line="41" column="10" filename="$USER_HOME$/.ideavimrc" />
      <jump line="45" column="9" filename="$USER_HOME$/.ideavimrc" />
      <jump line="47" column="9" filename="$USER_HOME$/.ideavimrc" />
      <jump line="72" column="10" filename="$USER_HOME$/.ideavimrc" />
      <jump line="73" column="10" filename="$USER_HOME$/.ideavimrc" />
      <jump line="10" column="0" filename="$USER_HOME$/Data/WorkSpace/java/daige_project_base_structure/daige_api/src/main/java/com/daige/pojo/note.txt" />
      <jump line="60" column="0" filename="$USER_HOME$/.ideavimrc" />
      <jump line="64" column="1" filename="$USER_HOME$/.ideavimrc" />
      <jump line="9" column="0" filename="$USER_HOME$/.ideavimrc" />
      <jump line="13" column="0" filename="$USER_HOME$/.ideavimrc" />
      <jump line="39" column="10" filename="$USER_HOME$/.ideavimrc" />
      <jump line="42" column="10" filename="$USER_HOME$/.ideavimrc" />
      <jump line="43" column="10" filename="$USER_HOME$/.ideavimrc" />
      <jump line="46" column="10" filename="$USER_HOME$/.ideavimrc" />
      <jump line="58" column="0" filename="$USER_HOME$/.ideavimrc" />
      <jump line="1" column="64" filename="$USER_HOME$/Data/LearnSpace/java/learn-assistant-api/logs/log_error.log" />
      <jump line="48" column="11" filename="$USER_HOME$/Data/LearnSpace/java/learn-assistant-api/logs/log_error.log" />
      <jump line="46" column="12" filename="$USER_HOME$/Data/LearnSpace/java/learn-assistant-api/logs/log_error.log" />
      <jump line="22" column="10" filename="$USER_HOME$/Data/LearnSpace/java/learn-assistant-api/logs/log_error.log" />
      <jump line="94" column="1" filename="$USER_HOME$/Data/WorkSpace/java/psbc_vicoapi/vicoapi-core/src/main/java/com/vico/service/customer/LoanLimitCalcService.java" />
      <jump line="284" column="18" filename="$USER_HOME$/Data/WorkSpace/java/psbc_vicoapi/vicoapi-core/src/main/java/com/vico/service/customer/LoanLimitCalcService.java" />
      <jump line="84" column="3" filename="$USER_HOME$/Data/WorkSpace/java/psbc_vicoapi/vicoapi-core/src/main/java/com/vico/service/customer/LoanLimitCalcService.java" />
      <jump line="53" column="19" filename="$USER_HOME$/.ideavimrc" />
      <jump line="54" column="10" filename="$USER_HOME$/.ideavimrc" />
      <jump line="55" column="10" filename="$USER_HOME$/.ideavimrc" />
      <jump line="56" column="10" filename="$USER_HOME$/.ideavimrc" />
      <jump line="57" column="10" filename="$USER_HOME$/.ideavimrc" />
      <jump line="15" column="12" filename="$USER_HOME$/.ideavimrc" />
    </jumps>
  </component>
  <component name="VimRegisterSettings">
    <registers>
      <register name="&quot;" type="4">
        <text>j</text>
      </register>
      <register name="*" type="2">
        <text encoding="base64">5pWI5p6c6L+Y5LiN6ZSZ5ZGiCg==</text>
      </register>
      <register name="+" type="4">
        <text encoding="base64">ICAgLy/otLfmrL7mnKzph5E95pys5qyh5o6I5L+h55qE5pyI5Z2H6L+Y5qy+6aKdICrjgJQoMSvmnIjliKnnjocpXui/mOasvuaciOaVsC0x44CVL++8iOaciOWIqeeOh8OXKDEr5pyI5Yip546HKV7ov5jmrL7mnIjmlbDjgJU=</text>
      </register>
      <register name="-" type="4">
        <text>e</text>
      </register>
      <register name="/" type="4">
        <text>leader</text>
      </register>
      <register name="0" type="4">
        <text>set easymotion
set surround</text>
      </register>
      <register name="1" type="2">
        <text encoding="base64">5pWI5p6c6L+Y5LiN6ZSZ5ZGiCg==</text>
      </register>
      <register name="2" type="2">
        <text encoding="base64">ICAgIHB1YmxpYyBTdHJpbmcgZ2VuZXJhdGUoQFBhdGhWYXJpYWJsZSBTdHJpbmcgdHlwZSkgewo=</text>
      </register>
      <register name="3" type="2">
        <text encoding="base64">ICAgIHB1YmxpYyBTdHJpbmcgZ2VuZXJhdGUoQFBhdGhWYXJpYWJsZSBTdHJpbmcgdHlwZSkgewo=</text>
      </register>
      <register name="4" type="8">
        <text encoding="base64">ICogCiAqIAogKiAKICogCiAqIA==</text>
      </register>
      <register name="5" type="2">
        <text encoding="base64">Cg==</text>
      </register>
      <register name="6" type="2">
        <text encoding="base64">Cg==</text>
      </register>
      <register name="7" type="2">
        <text encoding="base64">Cg==</text>
      </register>
      <register name="8" type="2">
        <text encoding="base64">Cg==</text>
      </register>
      <register name="9" type="2">
        <text encoding="base64">Cg==</text>
      </register>
      <register name=":" type="4">
        <text>w</text>
      </register>
    </registers>
  </component>
  <component name="VimSearchSettings">
    <search>
      <last-search>leader</last-search>
      <last-offset />
      <last-pattern>leader</last-pattern>
      <last-replace>leader</last-replace>
      <last-substitute>leader</last-substitute>
      <last-dir>1</last-dir>
      <show-last>false</show-last>
    </search>
  </component>
  <component name="VimSettings">
    <state version="6" enabled="false" />
    <notifications>
      <idea-join enabled="false" />
      <idea-put enabled="false" />
    </notifications>
  </component>
</application>