<application>
  <component name="GitCommitMessageHelperSettings">
    <option name="dateSettings">
      <DataSettings>
        <option name="template" value="#if($type)${type}#end#if($scope)(${scope})#end: #if($subject)${subject}#end&#10;#if($body)${newline}${newline}${body}#end&#10;#if($changes)${newline}${newline}BREAKING CHANGE: ${changes}#end&#10;#if($closes)${newline}${newline}Closes ${closes}#end&#10;" />
        <option name="typeAliases">
          <list>
            <TypeAlias>
              <option name="title" value="feature" />
              <option name="description" value="新特性" />
            </TypeAlias>
            <TypeAlias>
              <option name="title" value="fix" />
              <option name="description" value="漏洞修复" />
            </TypeAlias>
            <TypeAlias>
              <option name="title" value="docs" />
              <option name="description" value="更新文档" />
            </TypeAlias>
            <TypeAlias>
              <option name="title" value="style" />
              <option name="description" value="格式化代码风格" />
            </TypeAlias>
            <TypeAlias>
              <option name="title" value="refactor" />
              <option name="description" value="重构代码" />
            </TypeAlias>
            <TypeAlias>
              <option name="title" value="perf" />
              <option name="description" value="优化代码,提升性能" />
            </TypeAlias>
            <TypeAlias>
              <option name="title" value="test_case" />
              <option name="description" value="添加测试用例" />
            </TypeAlias>
            <TypeAlias>
              <option name="title" value="ci" />
              <option name="description" value="触发自动构建" />
            </TypeAlias>
            <TypeAlias>
              <option name="title" value="revert" />
              <option name="description" value="撤回到前个版本" />
            </TypeAlias>
          </list>
        </option>
      </DataSettings>
    </option>
  </component>
</application>