<application>
  <component name="GeneralSettings">
    <option name="autoSaveIfInactive" value="true" />
    <option name="confirmExit" value="false" />
    <option name="processCloseConfirmation" value="TERMINATE" />
    <option name="reopenLastProject" value="false" />
    <option name="searchInBackground" value="true" />
    <option name="showTipsOnStartup" value="false" />
  </component>
  <component name="Registry">
    <entry key="ide.firstStartup" value="false" />
    <entry key="scala.erase.compiler.process.jdk.once" value="false" />
  </component>
</application>